{

    "Geometry" : {
        "ACube" : {
            "mtllib" : "File.mtl",
            "meshes" : [ 
                { 
                    "referencemat" : "Blue",
                    "indexes_array" : [
                        [0, 1, 2],
                        [1, 3, 4],
                        [1, 4, 2],
                        [2, 4, 5] 
                    ]
                }

            ]

        }
    },
    "Materials" : {
        "File.mtl" : {
            "Blue" : {
                "Ns" : [ 225.000000],
                "Ka" : [ 1.000000 1.000000 1.000000],
                "Kd" : [ 0.004087 0.050481 0.800000],
                "Ks" : [ 0.500000 0.500000 0.500000],
                "Ke" : [ 0.000000 0.000000 0.000000],
                "Ni" : [ 1.450000],
                "d" : [ 1.000000],
                "illum" : 2

            }

        }

    }
}