{
    "primitives":{
        "cube":{
            "vertices":[
                [-0.5,  0.0, -0.5],
                [ 0.5,  0.0, -0.5],
                [ 0.5,  0.0,  0.5],
                [-0.5,  0.0,  0.5],
                [-0.5,  1.0, -0.5],
                [ 0.5,  1.0, -0.5],
                [ 0.5,  1.0,  0.5],
                [-0.5,  1.0,  0.5]
            ],
            "faces":[
                [6, 7, 3],
                [3, 2, 6],
                [4, 5, 1],
                [1, 0, 4],
                [5, 6, 2],
                [2, 1, 5],
                [7, 4, 0],
                [0, 3, 7],
                [5, 4, 7],
                [7, 6, 5],
                [0, 1, 2],
                [2, 3, 0]
            ],
            "color":{
                "vertices":[
                    [0.0, 0.0, 1.0],
                    [0.0, 1.0, 0.0],
                    [1.0, 0.0, 0.0],
                    [1.0, 1.0, 0.0],
                    [1.0, 0.0, 1.0],
                    [0.0, 1.0, 1.0],
                    [1.0, 1.0, 1.0],
                    [0.0, 0.0, 0.0]
                ],
                "faces":[
                    [0.0, 0.0, 1.0],
                    [0.0, 1.0, 0.0],
                    [1.0, 0.0, 0.0],
                    [1.0, 1.0, 0.0],
                    [1.0, 0.0, 1.0],
                    [0.0, 1.0, 1.0]
                ]
            }
        },
        "tetrahedron":{
            "vertices":[
                [0.86602540378443870, 0, -0.5],
                [0, 0, 1],
                [-0.8660254037844387, 0, -0.5],
                [0, 1, 0]
            ],
            "faces":[
                [0, 1, 2],
                [3, 0, 2],
                [3, 2, 1],
                [3, 1, 0]
            ],
            "color":{
                "vertices":[
                    [1.0, 0.0, 0.0],
                    [0.0, 1.0, 0.0],
                    [0.0, 0.0, 1.0],
                    [1.0, 1.0, 1.0]
                ],
                "faces":[
                    [1.0, 0.0, 0.0],
                    [0.0, 1.0, 0.0],
                    [0.0, 0.0, 1.0],
                    [1.0, 1.0, 1.0]
                ]
            }
        },
        "plane":{
            "vertices":[
                [ 1.0, 0.0, -1.0],
                [-1.0, 0.0, -1.0],
                [-1.0, 0.0,  1.0],
                [ 1.0, 0.0,  1.0]
            ],
            "faces":[
                [0, 1, 2],
                [2, 3, 0]
            ],
            "color":{
                "vertices":[
                    [1.0, 0.0, 0.0],
                    [0.0, 1.0, 0.0],
                    [0.0, 0.0, 1.0],
                    [1.0, 1.0, 1.0]
                ],
                "faces":[
                    [1.0, 0.0, 1.0],
                    [1.0, 0.0, 1.0] 
                ]
            }
        }

    }
}

